<?xml version="1.0" encoding="UTF-8"?>
<project-private xmlns="http://www.netbeans.org/ns/project-private/1">
    <editor-bookmarks xmlns="http://www.netbeans.org/ns/editor-bookmarks/2" lastBookmarkId="0"/>
    <open-files xmlns="http://www.netbeans.org/ns/projectui-open-files/2">
        <group>
            <file>file:/D:/school/eerste_jaar/Java/pretparkproject/Vandenbroeck_Tibeau_r0740502_Pretpark/src/java/fact/it/www/MaakServlet.java</file>
            <file>file:/D:/school/eerste_jaar/Java/pretparkproject/Vandenbroeck_Tibeau_r0740502_Pretpark/src/java/fact/it/www/beans/Bezoeker.java</file>
            <file>file:/D:/school/eerste_jaar/Java/pretparkproject/Vandenbroeck_Tibeau_r0740502_Pretpark/src/java/fact/it/www/beans/Attractie.java</file>
            <file>file:/D:/school/eerste_jaar/Java/pretparkproject/Vandenbroeck_Tibeau_r0740502_Pretpark/src/java/fact/it/www/ManageServlet.java</file>
            <file>file:/D:/school/eerste_jaar/Java/pretparkproject/Vandenbroeck_Tibeau_r0740502_Pretpark/src/java/fact/it/www/beans/Personeelslid.java</file>
        </group>
    </open-files>
</project-private>
